<?xml version = '1.0' encoding = 'UTF-8'?>
<Diagram class="oracle.dbtools.crest.swingui.logical.DPVLogical" name="Logical" id="76C9FB14-01DC-E8F6-BB51-F242B4CF2165">
<createdBy>Davih_Polla</createdBy>
<modifiedBy>Davih_Polla</modifiedBy>
<createdTime>2016-11-12 18:42:35 UTC</createdTime>
<autoRoute>false</autoRoute>
<boxInbox>true</boxInbox>
<showLegend>false</showLegend>
<showLabels>true</showLabels>
<showRelAttributes>false</showRelAttributes>
<gridEnabled>false</gridEnabled>
<showGrid>false</showGrid>
<diagramColor>-1</diagramColor>
<display>false</display>
<notation>1</notation>
<objectViews>
<OView class="oracle.dbtools.crest.swingui.logical.TVEntity" oid="0CB279E1-7390-C275-9F4A-1905ABE6079D" otype="Entity" vid="3C8B1AEB-588D-719E-4650-1FAEB287380C">
<hideElementsInCurrentOnly>false</hideElementsInCurrentOnly>
<bounds x="844" y="115" width="123" height="86"/>
</OView>
<OView class="oracle.dbtools.crest.swingui.logical.TVEntity" oid="1478EE25-ADF1-1CF2-0E29-457D6674B760" otype="Entity" vid="043F3187-9C7B-FBED-FC39-E0664E6DB37F">
<hideElementsInCurrentOnly>false</hideElementsInCurrentOnly>
<bounds x="827" y="365" width="170" height="119"/>
</OView>
<OView class="oracle.dbtools.crest.swingui.logical.TVEntity" oid="3DD822DC-BD0D-3FE3-E754-E798D91B619E" otype="Entity" vid="A1876D49-2EF7-F109-4B92-EDF5C70360FF">
<hideElementsInCurrentOnly>false</hideElementsInCurrentOnly>
<bounds x="353" y="0" width="152" height="99"/>
</OView>
<OView class="oracle.dbtools.crest.swingui.logical.TVEntity" oid="5AAC1E5E-55DC-8D64-1844-35087F3C1E12" otype="Entity" vid="E036F2E4-1A86-DD5B-6F1C-C0A4491EDAD9">
<hideElementsInCurrentOnly>false</hideElementsInCurrentOnly>
<bounds x="140" y="82" width="123" height="132"/>
</OView>
<OView class="oracle.dbtools.crest.swingui.logical.TVEntity" oid="5CD35376-8C62-016C-C48B-747EC556656B" otype="Entity" vid="EEDB2724-2413-E3E6-7FA8-A1FF09575C2C">
<hideElementsInCurrentOnly>false</hideElementsInCurrentOnly>
<bounds x="171" y="436" width="120" height="96"/>
</OView>
<OView class="oracle.dbtools.crest.swingui.logical.TVEntity" oid="BFA97504-A9B3-4B79-8986-2924F0E0E396" otype="Entity" vid="75C8E190-E533-1ED1-E37B-93BE124786B8">
<hideElementsInCurrentOnly>false</hideElementsInCurrentOnly>
<bounds x="544" y="200" width="162" height="245"/>
</OView>
<OView class="oracle.dbtools.crest.swingui.logical.TVEntity" oid="FA34B942-0DEA-BA60-B677-179126594569" otype="Entity" vid="E5862D00-9B2A-392C-01C4-BAC9D388D37F">
<hideElementsInCurrentOnly>false</hideElementsInCurrentOnly>
<bounds x="11" y="280" width="170" height="121"/>
</OView>
</objectViews>
<connectors>
<Connector class="oracle.dbtools.crest.swingui.logical.TVRelation" oid="41C8C199-F520-9CFB-143B-959AB338A7EB" otype="Relation" vid_source="E036F2E4-1A86-DD5B-6F1C-C0A4491EDAD9" vid_target="E5862D00-9B2A-392C-01C4-BAC9D388D37F">
<hideElementsInCurrentOnly>false</hideElementsInCurrentOnly>
<lineWidth>1</lineWidth>
<sourceLabel class="oracle.dbtools.crest.model.design.Label">
<site>0</site>
<labelBounds x="164" y="219" width="72" height="20"/>
<fonts itemClass="oracle.dbtools.crest.model.design.FontObjectWr">
<FontObject>
<foType>Texto</foType>
<colorRGB>-16777216</colorRGB>
</FontObject>
</fonts>
</sourceLabel>
<points>
<point x="160" y="214"/>
<point x="160" y="280"/>
</points>
</Connector>
<Connector class="oracle.dbtools.crest.swingui.logical.TVRelation" oid="53921FFD-B2F2-B86D-4FE7-F57830E34924" otype="Relation" vid_source="E036F2E4-1A86-DD5B-6F1C-C0A4491EDAD9" vid_target="75C8E190-E533-1ED1-E37B-93BE124786B8">
<hideElementsInCurrentOnly>false</hideElementsInCurrentOnly>
<lineWidth>1</lineWidth>
<sourceLabel class="oracle.dbtools.crest.model.design.Label">
<site>0</site>
<labelBounds x="339" y="143" width="47" height="20"/>
<fonts itemClass="oracle.dbtools.crest.model.design.FontObjectWr">
<FontObject>
<foType>Texto</foType>
<colorRGB>-16777216</colorRGB>
</FontObject>
</fonts>
</sourceLabel>
<targetLabel class="oracle.dbtools.crest.model.design.Label">
<site>2</site>
<labelBounds x="556" y="188" width="63" height="20"/>
<fonts itemClass="oracle.dbtools.crest.model.design.FontObjectWr">
<FontObject>
<foType>Texto</foType>
<colorRGB>-16777216</colorRGB>
</FontObject>
</fonts>
</targetLabel>
<points>
<point x="263" y="140"/>
<point x="568" y="140"/>
<point x="568" y="200"/>
</points>
</Connector>
<Connector class="oracle.dbtools.crest.swingui.logical.TVRelation" oid="8ABF9C37-D269-8614-B10D-9E21547D0F58" otype="Relation" vid_source="75C8E190-E533-1ED1-E37B-93BE124786B8" vid_target="75C8E190-E533-1ED1-E37B-93BE124786B8">
<hideElementsInCurrentOnly>false</hideElementsInCurrentOnly>
<lineWidth>1</lineWidth>
<sourceLabel class="oracle.dbtools.crest.model.design.Label">
<site>0</site>
<labelBounds x="702" y="246" width="50" height="20"/>
<fonts itemClass="oracle.dbtools.crest.model.design.FontObjectWr">
<FontObject>
<foType>Texto</foType>
<colorRGB>-16777216</colorRGB>
</FontObject>
</fonts>
</sourceLabel>
<points>
<point x="706" y="243"/>
<point x="736" y="243"/>
<point x="737" y="514"/>
<point x="632" y="515"/>
<point x="632" y="445"/>
</points>
</Connector>
<Connector class="oracle.dbtools.crest.swingui.logical.TVRelation" oid="9ADC0CFF-D7F4-C9CB-2C70-6B0A1EC69123" otype="Relation" vid_source="E5862D00-9B2A-392C-01C4-BAC9D388D37F" vid_target="75C8E190-E533-1ED1-E37B-93BE124786B8">
<hideElementsInCurrentOnly>false</hideElementsInCurrentOnly>
<lineWidth>1</lineWidth>
<targetLabel class="oracle.dbtools.crest.model.design.Label">
<site>2</site>
<labelBounds x="453" y="344" width="72" height="20"/>
<fonts itemClass="oracle.dbtools.crest.model.design.FontObjectWr">
<FontObject>
<foType>Texto</foType>
<colorRGB>-16777216</colorRGB>
</FontObject>
</fonts>
</targetLabel>
<points>
<point x="181" y="340"/>
<point x="544" y="340"/>
</points>
</Connector>
<Connector class="oracle.dbtools.crest.swingui.logical.TVRelation" oid="9BCC1DB4-61E9-4584-BE1B-B51DDC59423A" otype="Relation" vid_source="043F3187-9C7B-FBED-FC39-E0664E6DB37F" vid_target="75C8E190-E533-1ED1-E37B-93BE124786B8">
<hideElementsInCurrentOnly>false</hideElementsInCurrentOnly>
<lineWidth>1</lineWidth>
<targetLabel class="oracle.dbtools.crest.model.design.Label">
<site>2</site>
<labelBounds x="725" y="408" width="68" height="20"/>
<fonts itemClass="oracle.dbtools.crest.model.design.FontObjectWr">
<FontObject>
<foType>Texto</foType>
<colorRGB>-16777216</colorRGB>
</FontObject>
</fonts>
</targetLabel>
<points>
<point x="827" y="405"/>
<point x="706" y="405"/>
</points>
</Connector>
<Connector class="oracle.dbtools.crest.swingui.logical.TVRelation" oid="A639F211-5167-AEA1-8F63-9C02C4A32DF8" otype="Relation" vid_source="3C8B1AEB-588D-719E-4650-1FAEB287380C" vid_target="75C8E190-E533-1ED1-E37B-93BE124786B8">
<hideElementsInCurrentOnly>false</hideElementsInCurrentOnly>
<lineWidth>1</lineWidth>
<sourceLabel class="oracle.dbtools.crest.model.design.Label">
<site>0</site>
<labelBounds x="774" y="140" width="47" height="20"/>
<fonts itemClass="oracle.dbtools.crest.model.design.FontObjectWr">
<FontObject>
<foType>Texto</foType>
<colorRGB>-16777216</colorRGB>
</FontObject>
</fonts>
</sourceLabel>
<points>
<point x="844" y="137"/>
<point x="610" y="137"/>
<point x="610" y="200"/>
</points>
</Connector>
<Connector class="oracle.dbtools.crest.swingui.logical.TVRelation" oid="BAA152F8-FD37-B1C7-BF4F-12B67AED5D2F" otype="Relation" vid_source="A1876D49-2EF7-F109-4B92-EDF5C70360FF" vid_target="75C8E190-E533-1ED1-E37B-93BE124786B8">
<hideElementsInCurrentOnly>false</hideElementsInCurrentOnly>
<lineWidth>1</lineWidth>
<sourceLabel class="oracle.dbtools.crest.model.design.Label">
<site>0</site>
<labelBounds x="437" y="148" width="64" height="20"/>
<fonts itemClass="oracle.dbtools.crest.model.design.FontObjectWr">
<FontObject>
<foType>Texto</foType>
<colorRGB>-16777216</colorRGB>
</FontObject>
</fonts>
</sourceLabel>
<targetLabel class="oracle.dbtools.crest.model.design.Label">
<site>2</site>
<labelBounds x="520" y="285" width="74" height="20"/>
<fonts itemClass="oracle.dbtools.crest.model.design.FontObjectWr">
<FontObject>
<foType>Texto</foType>
<colorRGB>-16777216</colorRGB>
</FontObject>
</fonts>
</targetLabel>
<points>
<point x="434" y="99"/>
<point x="434" y="297"/>
<point x="544" y="297"/>
</points>
</Connector>
<Connector class="oracle.dbtools.crest.swingui.logical.TVRelation" oid="C427404C-4B3D-21B3-0BFA-44E441677F9D" otype="Relation" vid_source="EEDB2724-2413-E3E6-7FA8-A1FF09575C2C" vid_target="E036F2E4-1A86-DD5B-6F1C-C0A4491EDAD9">
<hideElementsInCurrentOnly>false</hideElementsInCurrentOnly>
<lineWidth>1</lineWidth>
<sourceLabel class="oracle.dbtools.crest.model.design.Label">
<site>0</site>
<labelBounds x="220" y="380" width="81" height="21"/>
<fonts itemClass="oracle.dbtools.crest.model.design.FontObjectWr">
<FontObject>
<foType>Texto</foType>
<colorRGB>-16777216</colorRGB>
</FontObject>
</fonts>
</sourceLabel>
<targetLabel class="oracle.dbtools.crest.model.design.Label">
<site>2</site>
<labelBounds x="220" y="258" width="46" height="20"/>
<fonts itemClass="oracle.dbtools.crest.model.design.FontObjectWr">
<FontObject>
<foType>Texto</foType>
<colorRGB>-16777216</colorRGB>
</FontObject>
</fonts>
</targetLabel>
<points>
<point x="217" y="436"/>
<point x="217" y="214"/>
</points>
</Connector>
<Connector class="oracle.dbtools.crest.swingui.logical.TVRelation" oid="D1873B3B-F313-9867-325D-0296137128A7" otype="Relation" vid_source="75C8E190-E533-1ED1-E37B-93BE124786B8" vid_target="E036F2E4-1A86-DD5B-6F1C-C0A4491EDAD9">
<hideElementsInCurrentOnly>false</hideElementsInCurrentOnly>
<lineWidth>1</lineWidth>
<sourceLabel class="oracle.dbtools.crest.model.design.Label">
<site>0</site>
<labelBounds x="473" y="210" width="99" height="20"/>
<fonts itemClass="oracle.dbtools.crest.model.design.FontObjectWr">
<FontObject>
<foType>Texto</foType>
<colorRGB>-16777216</colorRGB>
</FontObject>
</fonts>
</sourceLabel>
<targetLabel class="oracle.dbtools.crest.model.design.Label">
<site>2</site>
<labelBounds x="322" y="210" width="63" height="20"/>
<fonts itemClass="oracle.dbtools.crest.model.design.FontObjectWr">
<FontObject>
<foType>Texto</foType>
<colorRGB>-16777216</colorRGB>
</FontObject>
</fonts>
</targetLabel>
<points>
<point x="544" y="207"/>
<point x="263" y="207"/>
</points>
</Connector>
<Connector class="oracle.dbtools.crest.swingui.logical.TVRelation" oid="D8E23264-D755-9598-932A-334B006610C7" otype="Relation" vid_source="EEDB2724-2413-E3E6-7FA8-A1FF09575C2C" vid_target="75C8E190-E533-1ED1-E37B-93BE124786B8">
<hideElementsInCurrentOnly>false</hideElementsInCurrentOnly>
<lineWidth>1</lineWidth>
<sourceLabel class="oracle.dbtools.crest.model.design.Label">
<site>0</site>
<labelBounds x="343" y="443" width="53" height="20"/>
<fonts itemClass="oracle.dbtools.crest.model.design.FontObjectWr">
<FontObject>
<foType>Texto</foType>
<colorRGB>-16777216</colorRGB>
</FontObject>
</fonts>
</sourceLabel>
<targetLabel class="oracle.dbtools.crest.model.design.Label">
<site>2</site>
<labelBounds x="480" y="443" width="74" height="20"/>
<fonts itemClass="oracle.dbtools.crest.model.design.FontObjectWr">
<FontObject>
<foType>Texto</foType>
<colorRGB>-16777216</colorRGB>
</FontObject>
</fonts>
</targetLabel>
<points>
<point x="291" y="440"/>
<point x="544" y="440"/>
</points>
</Connector>
<Connector class="oracle.dbtools.crest.swingui.logical.TVRelation" oid="E56F4EC6-7E62-EC98-2E56-6D291EE5FFF5" otype="Relation" vid_source="3C8B1AEB-588D-719E-4650-1FAEB287380C" vid_target="75C8E190-E533-1ED1-E37B-93BE124786B8">
<hideElementsInCurrentOnly>false</hideElementsInCurrentOnly>
<lineWidth>1</lineWidth>
<sourceLabel class="oracle.dbtools.crest.model.design.Label">
<site>0</site>
<labelBounds x="891" y="234" width="50" height="20"/>
<fonts itemClass="oracle.dbtools.crest.model.design.FontObjectWr">
<FontObject>
<foType>Texto</foType>
<colorRGB>-16777216</colorRGB>
</FontObject>
</fonts>
</sourceLabel>
<points>
<point x="888" y="201"/>
<point x="888" y="333"/>
<point x="706" y="333"/>
</points>
</Connector>
<Connector class="oracle.dbtools.crest.swingui.logical.TVRelation" oid="EC6B7F6E-8265-FCB9-DA3A-074FF0F40DE2" otype="Relation" vid_source="E036F2E4-1A86-DD5B-6F1C-C0A4491EDAD9" vid_target="A1876D49-2EF7-F109-4B92-EDF5C70360FF">
<hideElementsInCurrentOnly>false</hideElementsInCurrentOnly>
<lineWidth>1</lineWidth>
<sourceLabel class="oracle.dbtools.crest.model.design.Label">
<site>0</site>
<labelBounds x="261" y="60" width="57" height="20"/>
<fonts itemClass="oracle.dbtools.crest.model.design.FontObjectWr">
<FontObject>
<foType>Texto</foType>
<colorRGB>-16777216</colorRGB>
</FontObject>
</fonts>
</sourceLabel>
<targetLabel class="oracle.dbtools.crest.model.design.Label">
<site>2</site>
<labelBounds x="333" y="41" width="48" height="20"/>
<fonts itemClass="oracle.dbtools.crest.model.design.FontObjectWr">
<FontObject>
<foType>Texto</foType>
<colorRGB>-16777216</colorRGB>
</FontObject>
</fonts>
</targetLabel>
<points>
<point x="258" y="82"/>
<point x="258" y="41"/>
<point x="353" y="41"/>
</points>
</Connector>
<Connector class="oracle.dbtools.crest.swingui.logical.TVRelation" oid="FD717F63-95AF-8023-96C1-043CB75D24CD" otype="Relation" vid_source="E036F2E4-1A86-DD5B-6F1C-C0A4491EDAD9" vid_target="A1876D49-2EF7-F109-4B92-EDF5C70360FF">
<hideElementsInCurrentOnly>false</hideElementsInCurrentOnly>
<lineWidth>1</lineWidth>
<sourceLabel class="oracle.dbtools.crest.model.design.Label">
<site>0</site>
<labelBounds x="279" y="115" width="51" height="20"/>
<fonts itemClass="oracle.dbtools.crest.model.design.FontObjectWr">
<FontObject>
<foType>Texto</foType>
<colorRGB>-16777216</colorRGB>
</FontObject>
</fonts>
</sourceLabel>
<targetLabel class="oracle.dbtools.crest.model.design.Label">
<site>2</site>
<labelBounds x="336" y="106" width="74" height="20"/>
<fonts itemClass="oracle.dbtools.crest.model.design.FontObjectWr">
<FontObject>
<foType>Texto</foType>
<colorRGB>-16777216</colorRGB>
</FontObject>
</fonts>
</targetLabel>
<points>
<point x="263" y="112"/>
<point x="330" y="112"/>
<point x="353" y="99"/>
</points>
</Connector>
</connectors>
</Diagram>