<?xml version = '1.0' encoding = 'UTF-8'?>
<relationalModel class="oracle.dbtools.crest.model.design.relational.RelationalDesign" name="Relational_1" id="C39EF84B-C518-DB08-17B9-664D5BFF36CC" mainViewID="A57C6482-5EFE-4639-CF6F-BB91070F67DA">
<createdBy>Davih_Polla</createdBy>
<createdTime>2016-11-12 18:41:42 UTC</createdTime>
<ownerDesignName>DiarioSur</ownerDesignName>
<shouldBeOpen>false</shouldBeOpen>
<selectedRDBMSSite>32076570-2523-435C-2E92-BF29817DFF70</selectedRDBMSSite>
</relationalModel>