<?xml version = '1.0' encoding = 'UTF-8'?>
<Relation class="oracle.dbtools.crest.model.design.logical.Relation" name="Relation_18" directorySegmentName="seg_0" id="9BCC1DB4-61E9-4584-BE1B-B51DDC59423A">
<createdBy>Antonio</createdBy>
<createdTime>2016-12-17 20:19:53 UTC</createdTime>
<ownerDesignName>DiarioSur</ownerDesignName>
<engineerTo>
<item key="C39EF84B-C518-DB08-17B9-664D5BFF36CC" value="true"/>
</engineerTo>
<targetPk>18C42188-E6E0-5F84-6409-D4BC01982FA3</targetPk>
<identifying>false</identifying>
<nameOnTarget>Pertenece a</nameOnTarget>
<optionalSource>false</optionalSource>
<optionalTarget>true</optionalTarget>
<sourceCardinality>*</sourceCardinality>
<sourceEntity>1478EE25-ADF1-1CF2-0E29-457D6674B760</sourceEntity>
<targetCardinalityString>1</targetCardinalityString>
<targetEntity>BFA97504-A9B3-4B79-8986-2924F0E0E396</targetEntity>
<transferable>true</transferable>
<deleteRule>NO ACTION</deleteRule>
</Relation>