<?xml version = '1.0' encoding = 'UTF-8'?>
<Relation class="oracle.dbtools.crest.model.design.logical.Relation" name="PUBLICACION" directorySegmentName="seg_0" id="A639F211-5167-AEA1-8F63-9C02C4A32DF8">
<createdBy>Davih_Polla</createdBy>
<createdTime>2016-11-12 19:42:01 UTC</createdTime>
<ownerDesignName>DiarioSur</ownerDesignName>
<engineerTo>
<item key="C39EF84B-C518-DB08-17B9-664D5BFF36CC" value="true"/>
</engineerTo>
<sourcePk>45AB18B8-1C54-3E14-6927-BBE5844B2502</sourcePk>
<identifying>false</identifying>
<nameOnSource>Publica</nameOnSource>
<optionalSource>true</optionalSource>
<optionalTarget>true</optionalTarget>
<sourceCardinality>1</sourceCardinality>
<sourceEntity>0CB279E1-7390-C275-9F4A-1905ABE6079D</sourceEntity>
<targetCardinalityString>*</targetCardinalityString>
<targetEntity>BFA97504-A9B3-4B79-8986-2924F0E0E396</targetEntity>
<transferable>true</transferable>
<deleteRule>NO ACTION</deleteRule>
</Relation>