<?xml version = '1.0' encoding = 'UTF-8'?>
<Relation class="oracle.dbtools.crest.model.design.logical.Relation" name="Relation_12" directorySegmentName="seg_0" id="FD717F63-95AF-8023-96C1-043CB75D24CD">
<createdBy>Antonio</createdBy>
<createdTime>2016-12-17 18:38:38 UTC</createdTime>
<ownerDesignName>DiarioSur</ownerDesignName>
<engineerTo>
<item key="C39EF84B-C518-DB08-17B9-664D5BFF36CC" value="true"/>
</engineerTo>
<sourcePk>6113DC72-7C5C-AED1-0484-2C92BD14E1E4</sourcePk>
<targetPk>04263053-75A7-B2DC-BCF8-3A293BA3425B</targetPk>
<identifying>false</identifying>
<nameOnSource>Localiza</nameOnSource>
<nameOnTarget>Es localizado</nameOnTarget>
<optionalSource>true</optionalSource>
<optionalTarget>true</optionalTarget>
<sourceCardinality>*</sourceCardinality>
<sourceEntity>5AAC1E5E-55DC-8D64-1844-35087F3C1E12</sourceEntity>
<targetCardinalityString>1</targetCardinalityString>
<targetEntity>3DD822DC-BD0D-3FE3-E754-E798D91B619E</targetEntity>
<transferable>true</transferable>
<deleteRule>NO ACTION</deleteRule>
</Relation>