<?xml version = '1.0' encoding = 'UTF-8'?>
<Entity class="oracle.dbtools.crest.model.design.logical.Entity" directorySegmentName="seg_0" id="3DD822DC-BD0D-3FE3-E754-E798D91B619E" name="LOCALIZACIÓN">
<createdBy>Antonio</createdBy>
<createdTime>2016-12-17 18:20:11 UTC</createdTime>
<ownerDesignName>DiarioSur</ownerDesignName>
<engineerTo>
<item key="C39EF84B-C518-DB08-17B9-664D5BFF36CC" value="true"/>
</engineerTo>
<adequatelyNormalized>NO</adequatelyNormalized>
<expectedVolumes>0</expectedVolumes>
<fwdEngineeringStrategyName>Single Table</fwdEngineeringStrategyName>
<growthPercent>0</growthPercent>
<growthType>Year</growthType>
<maxVolumes>9999999</maxVolumes>
<minVolumes>0</minVolumes>
<normalForm>Third</normalForm>
<attributes itemClass="oracle.dbtools.crest.model.design.logical.Attribute">
<Attribute name="Código" id="978AA4CA-001A-EB77-A463-81B654857CE7">
<createdBy>Antonio</createdBy>
<createdTime>2016-12-17 18:21:26 UTC</createdTime>
<ownerDesignName>DiarioSur</ownerDesignName>
<engineerTo>
<item key="C39EF84B-C518-DB08-17B9-664D5BFF36CC" value="true"/>
</engineerTo>
<use>0</use>
<ownDataTypeParameters>,,</ownDataTypeParameters>
</Attribute>
<Attribute name="Lugar" id="5ED772EF-9FDE-CB07-97CB-DD1B80330240">
<createdBy>Antonio</createdBy>
<createdTime>2016-12-17 18:21:45 UTC</createdTime>
<ownerDesignName>DiarioSur</ownerDesignName>
<engineerTo>
<item key="C39EF84B-C518-DB08-17B9-664D5BFF36CC" value="true"/>
</engineerTo>
<use>0</use>
<ownDataTypeParameters>,,</ownDataTypeParameters>
</Attribute>
<Attribute name="Nota" id="151D1356-F0D7-9748-3C26-0CA24B996DA7">
<createdBy>Antonio</createdBy>
<createdTime>2016-12-17 18:22:59 UTC</createdTime>
<ownerDesignName>DiarioSur</ownerDesignName>
<engineerTo>
<item key="C39EF84B-C518-DB08-17B9-664D5BFF36CC" value="true"/>
</engineerTo>
<nullsAllowed>true</nullsAllowed>
<use>0</use>
<ownDataTypeParameters>,,</ownDataTypeParameters>
</Attribute>
</attributes>
<identifiers itemClass="oracle.dbtools.crest.model.design.logical.CandidateKey">
<identifier id="04263053-75A7-B2DC-BCF8-3A293BA3425B" name="LOCALIZACIÓN PK">
<createdBy>Antonio</createdBy>
<createdTime>2016-12-17 18:21:43 UTC</createdTime>
<ownerDesignName>DiarioSur</ownerDesignName>
<engineerTo>
<item key="C39EF84B-C518-DB08-17B9-664D5BFF36CC" value="true"/>
</engineerTo>
<pk>true</pk>
<usedAttributes>
<attributeRef>978AA4CA-001A-EB77-A463-81B654857CE7</attributeRef>
</usedAttributes>
</identifier>
<identifier id="3F78E0C1-98DA-667C-AAC7-13EB856A3B47" name="LUGAR_UK">
<createdBy>Antonio</createdBy>
<createdTime>2016-12-17 18:27:03 UTC</createdTime>
<ownerDesignName>DiarioSur</ownerDesignName>
<engineerTo>
<item key="C39EF84B-C518-DB08-17B9-664D5BFF36CC" value="true"/>
</engineerTo>
<newElementsIDs>5ED772EF-9FDE-CB07-97CB-DD1B80330240</newElementsIDs>
<usedAttributes>
<attributeRef>5ED772EF-9FDE-CB07-97CB-DD1B80330240</attributeRef>
</usedAttributes>
</identifier>
</identifiers>
</Entity>