<?xml version = '1.0' encoding = 'UTF-8'?>
<Entity class="oracle.dbtools.crest.model.design.logical.Entity" directorySegmentName="seg_0" id="5CD35376-8C62-016C-C48B-747EC556656B" name="CALENDARIO">
<createdBy>Davih_Polla</createdBy>
<createdTime>2016-11-12 18:44:26 UTC</createdTime>
<ownerDesignName>DiarioSur</ownerDesignName>
<engineerTo>
<item key="C39EF84B-C518-DB08-17B9-664D5BFF36CC" value="true"/>
</engineerTo>
<adequatelyNormalized>NO</adequatelyNormalized>
<expectedVolumes>0</expectedVolumes>
<fwdEngineeringStrategyName>Single Table</fwdEngineeringStrategyName>
<growthPercent>0</growthPercent>
<growthType>Year</growthType>
<maxVolumes>9999999</maxVolumes>
<minVolumes>0</minVolumes>
<normalForm>Third</normalForm>
<attributes itemClass="oracle.dbtools.crest.model.design.logical.Attribute">
<Attribute name="Code" id="4B877A35-49D8-4A41-D99F-AAC8E05E2F91">
<createdBy>Davih_Polla</createdBy>
<createdTime>2016-11-12 19:22:26 UTC</createdTime>
<ownerDesignName>DiarioSur</ownerDesignName>
<engineerTo>
<item key="C39EF84B-C518-DB08-17B9-664D5BFF36CC" value="true"/>
</engineerTo>
<use>0</use>
<ownDataTypeParameters>,,</ownDataTypeParameters>
</Attribute>
<Attribute name="Fecha" id="8F496BD3-6544-469D-7B9A-159A84D54C7A">
<createdBy>Davih_Polla</createdBy>
<createdTime>2016-11-12 19:15:29 UTC</createdTime>
<ownerDesignName>DiarioSur</ownerDesignName>
<engineerTo>
<item key="C39EF84B-C518-DB08-17B9-664D5BFF36CC" value="true"/>
</engineerTo>
<use>0</use>
<ownDataTypeParameters>,,</ownDataTypeParameters>
</Attribute>
</attributes>
<identifiers itemClass="oracle.dbtools.crest.model.design.logical.CandidateKey">
<identifier id="1CBF5050-CE24-E23E-2FCA-91CD0C980910" name="CALENDARIO PK">
<createdBy>Davih_Polla</createdBy>
<createdTime>2016-11-12 19:23:40 UTC</createdTime>
<ownerDesignName>DiarioSur</ownerDesignName>
<engineerTo>
<item key="C39EF84B-C518-DB08-17B9-664D5BFF36CC" value="true"/>
</engineerTo>
<pk>true</pk>
<usedAttributes>
<attributeRef>4B877A35-49D8-4A41-D99F-AAC8E05E2F91</attributeRef>
</usedAttributes>
</identifier>
</identifiers>
</Entity>